{
    "pitch": [-2.8375927661948688, 10.13755661601428, 222.70283075785687, 55.17483217199839],
    "energy": [-1.3366782665252686, 6.703252792358398, 42.342295439312394, 31.631207834538937]
}