{"pitch": [-2.4555356026640203, 10.314335951478107, 210.38476940036685, 59.877254447229554], "energy": [-1.582904577255249, 7.4082560539245605, 57.588436895480726, 36.07588408120753]}